model,MAE,MSE,RMSE,R2
Random Forest Regressor,1.9896854329605567,7.341460286524998,2.709512924221805,0.9772830778434468
Linear Regression,2.336656154945231,9.072064999833495,3.0119868857339824,0.9719280107285088
