k,inertia,silhouette
2,7826.907234326632,0.23676147248398072
3,6601.831356405281,0.22672980792297184
4,5689.308543107195,0.23711927967758217
5,4910.793333305794,0.25956491066530396
6,4594.265449195847,0.26753459677442987
